{
  "count": 10000,
  "height": 480,
  "width": 640,
  "mean": 0.1339127604166666,
  "median": 0.13391276041666667,
  "stdev": 0.0,
  "quantiles": {
    "p0": 0.13391276041666667,
    "p10": 0.13391276041666667,
    "p25": 0.13391276041666667,
    "p50": 0.13391276041666667,
    "p75": 0.13391276041666667,
    "p90": 0.13391276041666667,
    "p95": 0.13391276041666667,
    "p99": 0.13391276041666667,
    "p100": 0.13391276041666667
  },
  "hist": {
    "0.00-0.01": 0,
    "0.01-0.02": 0,
    "0.02-0.05": 0,
    "0.05-0.10": 0,
    "0.10-0.20": 10000,
    "0.20-0.50": 0,
    "0.50-1.00": 0
  }
}